MN1.txt, The Root Sequence Mūlapariyāya Sutta
MN10.txt, The Establishing Of Mindfulness Discourse Satipaṭṭhāna Sutta
MN101.txt, At Devadaha Devadaha Sutta
MN102.txt, Five & Three Pañcattaya Sutta
MN105.txt, To Sunakkhatta Sunakkhatta Sutta
MN106.txt, Conducive To The Imperturbable Āneñja-Sappāya Sutta
MN107.txt, To Gaṇaka Moggallāna Gaṇaka Moggallāna Sutta
MN108.txt, Moggallāna The Guardsman Gopaka Moggallāna Sutta
MN109.txt, The Great Full-Moon Night Discourse Mahā Puṇṇama Sutta
MN11.txt, The Shorter Lion's Roar Discourse Cūḷasīhanāda Sutta
MN110.txt, The Shorter Full-Moon Night Discourse Cūḷa Puṇṇama Sutta
MN111.txt, One After Another Anupada Sutta
MN113.txt, A Person Of Integrity Sappurisa Sutta
MN117.txt, The Great Forty Mahā Cattārīsaka Sutta
MN118.txt, Mindfulness Of Breathing Ānāpānasati Sutta
MN119.txt, Mindfulness Immersed In The Body Kāyagatā-Sati Sutta
MN12.txt, The Great Lion's Roar Discourse Mahāsīhanāda Sutta
MN121.txt, The Shorter Discourse On Emptiness Cūḷa Suññata Sutta
MN122.txt, The Greater Discourse On Emptiness Mahā Suññata Sutta
MN123.txt, Amazing & Astounding Qualities Acchariy'abbhūtadhamma Sutta
MN125.txt, The Level Of The Tamed Dantabhūmi Sutta
MN126.txt, To Bhūmija Bhūmija Sutta
MN128.txt, Defilements Upakkilesa Sutta
MN13.txt, The Great Mass Of Stress Mahā Dukkhakkhandha Sutta
MN130.txt, The Deva Messengers Devadūta Sutta
MN131.txt, An Auspicious Day Bhaddekaratta Sutta
MN135.txt, The Shorter Analysis Of Action Cūḷa Kamma-Vibhaṅga Sutta
MN136.txt, The Greater Analysis Of Action Mahā Kamma-Vibhaṅga Sutta
MN137.txt, An Analysis Of The Six Sense-Media Saḷāyatana-Vibhaṅga Sutta
MN138.txt, An Analysis Of The Statement Uddesa-Vibhaṅga Sutta
MN14.txt, The Lesser Mass Of Stress Cūḷa Dukkhakkhandha Sutta
MN140.txt, An Analysis Of The Properties Dhātu-Vibhaṅga Sutta
MN141.txt, An Analysis Of The Truths Sacca-Vibhaṅga Sutta
MN143.txt, The Exhortation To Anāthapiṇḍika Anāthapiṇḍikovāda Sutta
MN146.txt, Nandaka's Exhortation Nandakovāda Sutta
MN147.txt, The Shorter Exhortation To Rāhula Cūḷa Rāhulovāda Sutta
MN148.txt, The Six Sextets Chachakka Sutta
MN149.txt, The Great Six Sense-Media Discourse Mahā Saḷāyatanika Sutta
MN151.txt, The Purification Of Almsfood Piṇḍapātapārisuddhi Sutta
MN152.txt, The Development Of The Faculties Indriya-Bhāvanā Sutta
MN18.txt, The Ball Of Honey Madhupiṇḍika Sutta
MN19.txt, Two Sorts Of Thinking Dvedhāvitakka Sutta
MN2.txt, All The Effluents Sabbāsava Sutta
MN20.txt, The Relaxation Of Thoughts Vitakkasaṇṭhāna Sutta
MN21.txt, The Simile Of The Saw Kakacūpama Sutta
MN22.txt, The Water-Snake Simile Alagaddūpama Sutta
MN24.txt, Relay Chariots Ratha-Vinīta Sutta
MN25.txt, Poison-Grass Nivāpa Sutta
MN26.txt, The Noble Search Ariyapariyesana Sutta
MN27.txt, The Shorter Elephant Footprint Simile Cūḷa Hatthipadopama Sutta
MN28.txt, The Great Elephant Footprint Simile Mahā Hatthipadopama Sutta
MN29.txt, The Longer Heartwood Simile Discourse Mahā Sāropama Sutta
MN30.txt, The Shorter Heartwood Simile Discourse Cūḷa Sāropama Sutta
MN31.txt, The Shorter Gosiṅga Sāla-Tree Discourse Cūḷagosiṅgasāla Sutta
MN33.txt, The Greater Cowherd Discourse Mahā Gopālaka Sutta
MN35.txt, The Shorter Discourse To Saccaka Cūḷa Saccaka Sutta
MN36.txt, The Longer Discourse To Saccaka Mahā Saccaka Sutta
MN38.txt, The Greater Craving-Destruction Discourse Mahā Taṇhāsaṅkhaya Sutta
MN39.txt, The Greater Discourse At Assapura Mahā Assapura Sutta
MN4.txt, Fear & Terror Bhaya-Bherava Sutta
MN40.txt, The Shorter Discourse At Assapura Cūḷa-Assapura Sutta
MN41.txt, (Brahmans) Of Sāla Sāleyyaka Sutta
MN43.txt, The Greater Set Of Questions & Answers Mahā Vedalla Sutta
MN44.txt, The Shorter Set Of Questions & Answers Cūḷa Vedalla Sutta
MN45.txt, The Shorter Discourse On Taking On Practices Cūḷa Dhammasamādāna Sutta
MN48.txt, In Kosambī Kosambiyā Sutta
MN49.txt, The Brahmā Invitation Brahma-Nimantanika Sutta
MN5.txt, Unblemished Anaṅgaṇa Sutta
MN51.txt, To Kandaraka Kandaraka Sutta
MN52.txt, To The Man From Aṭṭhakanagara Aṭṭhakanāgara Sutta
MN53.txt, The Practice For One In Training Sekha-Paṭipadā Sutta
MN54.txt, To Potaliya (Excerpt) Potaliya Sutta
MN55.txt, To Jīvaka Jīvaka Sutta
MN56.txt, The Teaching To Upāli Upālivāda Sutta
MN58.txt, To Prince Abhaya Abhaya Rāja-Kumāra Sutta
MN59.txt, Many Things To Be Felt Bahuvedanīya Sutta
MN6.txt, If One Would Wish Ākaṅkheyya Sutta
MN60.txt, A Safe Bet Apaṇṇaka Sutta
MN61.txt, The Exhortation To Rāhula At Mango Stone Ambalaṭṭhikā Rāhulovāda Sutta
MN62.txt, The Greater Exhortation To Rāhula Mahā Rāhulovāda Sutta
MN63.txt, The Shorter Exhortation To Māluṅkya Cūḷa Māluṅkyovāda Sutta
MN64.txt, The Longer Exhortation To Māluṅkya Mahā Māluṅkyovāda Sutta
MN66.txt, The Quail Simile Laḍukikopama Sutta
MN67.txt, Near Cātumā Cātuma Sutta
MN69.txt, About Golissāni Golissāni Sutta
MN7.txt, The Simile Of The Cloth Vatthūpama Sutta
MN70.txt, At Kīṭāgiri Kīṭāgiri Sutta
MN72.txt, To Vacchagotta On Fire Aggi-Vacchagotta Sutta
MN74.txt, To Longnails Dīghanakha Sutta
MN75.txt, To Māgaṇḍiya Māgaṇḍiya Sutta
MN77.txt, The Greater Discourse To Sakuludāyin Mahāsakuludāyi Sutta
MN78.txt, Muṇḍika The Contemplative Samaṇa-Muṇḍika Sutta
MN82.txt, About Raṭṭhapāla Raṭṭhapāla Sutta
MN86.txt, About Aṅgulimāla Aṅgulimāla Sutta
MN87.txt, From One Who Is Dear Piyajātika Sutta
MN9.txt, Right View Sammādiṭṭhi Sutta
MN90.txt, At Kaṇṇakatthala Kaṇṇakatthala Sutta
MN91.txt, To Brahmāyu (Excerpt) Brahmāyu Sutta
MN93.txt, With Assalāyana Assalāyana Sutta
MN95.txt, With Caṅkī Caṅkī Sutta
MN97.txt, To Dhanañjānin Dhanañjānin Sutta
