apptwo.txt, Non-Udāna Exclamations
ud1_1.txt, Awakening (1) (Bodhi Sutta)
ud1_10.txt, Bāhiya (Bāhiya Sutta)
ud1_2.txt, Awakening (2) (Bodhi Sutta)
ud1_3.txt, Awakening (3) (Bodhi Sutta)
ud1_4.txt, Overbearing (Huhuṅka Sutta)
ud1_5.txt, Brahmans (Brāhmaṇa Sutta)
ud1_6.txt, Mahā Kassapa (Kassapa Sutta)
ud1_7.txt, Aja (Aja Sutta)
ud1_8.txt, Saṅgāmaji (Saṅgāmaji Sutta)
ud1_9.txt, Ascetics (Jaṭila Sutta)
ud2_1.txt, Muccalinda (Muccalinda Sutta)
ud2_10.txt, Bhaddiya Kāḷigodha (Kāḷigodha Sutta)
ud2_2.txt, Kings (Rājā Sutta)
ud2_3.txt, The Stick (Daṇḍa Sutta)
ud2_4.txt, Veneration (Sakkāra Sutta)
ud2_5.txt, The Lay Follower (Upāsaka Sutta)
ud2_6.txt, The Pregnant Woman (Gabbhinin Sutta)
ud2_7.txt, The Only Son (Ekaputta Sutta)
ud2_8.txt, Suppavāsā (Suppavāsā Sutta)
ud2_9.txt, Visākhā (Visākhā Sutta)
ud3_1.txt, Kamma (Kamma Sutta)
ud3_10.txt, Surveying The World (Loka Sutta)
ud3_2.txt, Nanda (Nanda Sutta)
ud3_3.txt, Yasoja (Yasoja Sutta)
ud3_4.txt, Sāriputta (Sāriputta Sutta)
ud3_5.txt, Mahā Moggallāna (Kolita Sutta)
ud3_6.txt, Pilinda (Pilinda Sutta)
ud3_7.txt, Mahā Kassapa (Kassapa Sutta)
ud3_8.txt, Alms (Piṇḍa Sutta)
ud3_9.txt, Crafts (Sippa Sutta)
ud4_1.txt, Meghiya (Meghiya Sutta)
ud4_10.txt, Sāriputta (Sāriputta Sutta)
ud4_2.txt, High-Strung (Uddhata Sutta)
ud4_3.txt, The Cowherd (Gopāla Sutta)
ud4_4.txt, Moonlit (Juñha Sutta)
ud4_5.txt, The Bull Elephant (Nāga Sutta)
ud4_6.txt, Piṇḍola (Piṇḍola Sutta)
ud4_7.txt, Sāriputta (Sāriputta Sutta)
ud4_8.txt, Sundarī (Sundarī Sutta)
ud4_9.txt, Upasena Vaṅgantaputta (Upasena Vaṅgantaputta Sutta )
ud5_1.txt, The King (Rājan Sutta)
ud5_10.txt, Cūḷa Panthaka (Panthaka Sutta)
ud5_2.txt, Short-Lived (Appāyuka Sutta)
ud5_3.txt, The Leper (Kuṭṭhi Sutta)
ud5_4.txt, Boys (Kumāra Sutta)
ud5_5.txt, Uposatha (Uposatha Sutta)
ud5_6.txt, Soṇa (Soṇa Sutta)
ud5_7.txt, Revata (Revata Sutta)
ud5_8.txt, Ānanda (Ānanda Sutta)
ud5_9.txt, Jeering (Sadhāyamāna Sutta)
ud6_1.txt, Relinquishment Of The Life Force (Āyusama-Osajjana Sutta)
ud6_10.txt, They Appear (Uppajjanti Sutta)
ud6_2.txt, Seclusion (Paṭisalla Sutta)
ud6_3.txt, It Was (Ahu Sutta)
ud6_4.txt, Sectarians (1) (Tittha Sutta)
ud6_5.txt, Sectarians (2) (Tittha Sutta)
ud6_6.txt, Sectarians (3) (Tittha Sutta)
ud6_7.txt, Subhūti (Subhūti Sutta)
ud6_8.txt, The Courtesan (Gaṇika Sutta)
ud6_9.txt, Rushing (Upāti Sutta)
ud7_1.txt, Bhaddiya (1) (Bhaddiya Sutta)
ud7_10.txt, King Udena (Udena Sutta)
ud7_2.txt, Bhaddiya (2) (Bhaddiya Sutta)
ud7_3.txt, Attached To Sensual Pleasures (1) (Kāmesu Satta Sutta)
ud7_4.txt, Attached To Sensual Pleasures (2) (Kāmesu Satta Sutta)
ud7_5.txt, The Dwarf (Lakuṇṭha Sutta)
ud7_6.txt, The Ending Of Craving (Taṇhākhaya Sutta)
ud7_7.txt, The Ending Of Objectification (Papañcakhaya Sutta)
ud7_8.txt, Kaccāna (Kaccāna Sutta)
ud7_9.txt, The Well (Udapāna Sutta)
ud8_1.txt, Unbinding (1) (Nibbāna Sutta)
ud8_10.txt, Dabba (2) (Dabba Sutta)
ud8_2.txt, Unbinding (2) (Nibbāna Sutta)
ud8_3.txt, Unbinding (3) (Nibbāna Sutta)
ud8_4.txt, Unbinding (4) (Nibbāna Sutta)
ud8_5.txt, Cunda (Cunda Sutta)
ud8_6.txt, Pāṭali Village (Pāṭaligāma Sutta)
ud8_7.txt, A Fork In The Path (Dvidhapatha Sutta)
ud8_8.txt, Visākhā (Visākhā Sutta)
ud8_9.txt, Dabba (1) (Dabba Sutta)
