AN10_101.txt, Contemplative Perceptions Samaṇasaññā Sutta
AN10_103.txt, Wrongness Micchatta Sutta
AN10_104.txt, The Seed Bīja Sutta
AN10_108.txt, A Purgative Tikicchā Sutta
AN10_118.txt, The Near Shore Orima Sutta
AN10_13.txt, Fetters Saṁyojana Sutta
AN10_15.txt, Heedfulness Appamāda Sutta
AN10_165.txt, To Cunda The Silversmith Cunda Kammāraputta Sutta
AN10_166.txt, To Jāṇussoṇin (On Offerings To The Dead) Jāṇussoṇin Sutta
AN10_17.txt, Protectors (1) Nātha Sutta
AN10_18.txt, Protectors (2) Nātha Sutta
AN10_196.txt, The Sublime Attitudes Brahmavihāra Sutta
AN10_20.txt, Dwellings Of The Noble Ones Ariyāvāsa Sutta
AN10_24.txt, Cunda Cunda Sutta
AN10_29.txt, The Kosalan Kosala Sutta
AN10_46.txt, To The Sakyans (On The Uposatha) Sakka Sutta
AN10_48.txt, Ten Things Dasa Dhamma Sutta
AN10_51.txt, One's Own Mind Sacitta Sutta
AN10_54.txt, Tranquility Samatha Sutta
AN10_58.txt, Rooted Mūla Sutta
AN10_6.txt, Concentration Samādhi Sutta
AN10_60.txt, To Girimānanda Girimānanda Sutta
AN10_61.txt, Ignorance Avijjā Sutta
AN10_69.txt, Topics Of Conversation Kathāvatthu Sutta
AN10_7.txt, With Sāriputta Sāriputta Sutta
AN10_70.txt, Topics Of Conversation (2) Kathāvatthu Sutta
AN10_71.txt, Wishes Ākaṅkha Sutta
AN10_72.txt, Thorns Kaṇṭhaka Sutta
AN10_73.txt, Wished For Iṭṭhā Sutta
AN10_75.txt, About Migāsālā Migāsālāya Sutta
AN10_76.txt, Incapable Abhabba Sutta
AN10_80.txt, Hatred Āghāta Sutta
AN10_81.txt, To Vāhuna Vāhuna Sutta
AN10_92.txt, Animosity Vera Sutta
AN10_93.txt, Views Diṭṭhi Sutta
AN10_94.txt, About Vajjiya Vajjiya Sutta
AN10_95.txt, To Uttiya Uttiya Sutta
AN10_96.txt, To Kokanuda (On Viewpoints) Kokanuda Sutta
AN10_99.txt, To Upāli Upāli Sutta
AN11_1.txt, What Is The Purpose? Kimattha Sutta
AN11_10.txt, To Sandha Sandha Sutta
AN11_12.txt, To Mahānāma (1) Mahānāma Sutta
AN11_13.txt, To Mahānāma (2) Mahānāma Sutta
AN11_16.txt, Goodwill Mettā Sutta
AN11_2.txt, An Act Of Will Cetanā Sutta
AN1_140.txt, For The Benefit Of Many People Bahujanahitāya Sutta
AN1_21.txt, A Single Thing Ekadhamma Suttas
AN1_329.txt, Foul-Smelling Duggandha Sutta
AN1_45.txt, A Pool Of Water Udakarahada Suttas
AN1_48.txt, Soft Mudu Sutta
AN1_49.txt, Quick To Reverse Itself Lahu-Parivaṭṭa Sutta
AN1_50.txt, Luminous Pabhassara Suttas
AN2_118.txt, Hard To Find Dullabhā Sutta
AN2_120.txt, Rarely Having Enough Duttappaya Sutta
AN2_123.txt, Voice Ghosa Suttas
AN2_134.txt, Without Investigating Ananuvicca Sutta
AN2_18.txt, Categorically Ekaṁsena Sutta
AN2_19.txt, Skillful & Unskillful Kusal'akusala Sutta
AN2_21.txt, Fools & Wise People Bāla-Paṇḍita Sutta
AN2_23.txt, What Was Not Said Abhāsita Sutta
AN2_24.txt, A Meaning To Be Inferred Neyyattha Sutta
AN2_29.txt, A Share In Clear Knowing Vijjā-Bhāgiya Sutta
AN2_30.txt, Release Vimutti Sutta
AN2_31.txt, Gratitude Kataññu Suttas
AN2_35.txt, Like-Minded Samacitta Sutta
AN2_36.txt, To Ārāmadaṇḍa Ārāmadaṇḍa Sutta
AN2_37.txt, To Kaṇḍarāyana Kaṇḍarāyana Sutta
AN2_46.txt, Bombast Ukkācita Sutta
AN2_5.txt, Relentlessly Appaṭivāṇa Sutta
AN2_61.txt, Communal Living Sannivāsa Sutta
AN2_74.txt, Pleasures Sukha Sutta
AN2_9.txt, Guardians Of The World Lokapāla Sutta
AN2_99.txt, Fools Bāla Sutta
AN3_10.txt, Impurities Mala Sutta
AN3_101.txt, The Salt Crystal Loṇaphala Sutta
AN3_102.txt, The Dirt-Washer Paṁsudhovaka Sutta
AN3_103.txt, Themes Nimitta Sutta
AN3_109.txt, No Satiation Atitta Sutta
AN3_110.txt, The Peak Of The Roof Kuta Sutta
AN3_112.txt, Causes (1) Nidāna Sutta
AN3_113.txt, Causes (2) Nidāna Sutta
AN3_115.txt, Rare Dullabha Sutta
AN3_116.txt, Immeasurable Appameyya Sutta
AN3_117.txt, Imperturbable Aneñjaka Sutta
AN3_121.txt, Purities (1) Soceyya Sutta
AN3_122.txt, Purities (2) Soceyya Sutta
AN3_123.txt, Sagacity Moneyya Sutta
AN3_124.txt, At Kusinārā Kusinārā Sutta
AN3_126.txt, At Gotamaka Shrine Gotamaka-Cetiya Sutta
AN3_129.txt, Putrid Kaṭuviya Sutta
AN3_131.txt, To Anuruddha Anuruddha Sutta
AN3_133.txt, Inscriptions Lekha Sutta
AN3_136.txt, A Friend Mitta Sutta
AN3_137.txt, The Orderliness Of The Dhamma Dhamma-Niyāma Sutta
AN3_15.txt, The Chariot Maker Pacetana Sutta
AN3_2.txt, Characterized (By Action) Lakkhaṇa Sutta
AN3_20.txt, The Shopkeeper Pāpaṇika Sutta
AN3_22.txt, Sick People Gilāna Sutta
AN3_24.txt, Great Benefactors Bahukāra Sutta
AN3_30.txt, Upside Down Avakujja Sutta
AN3_32.txt, To Ven. Ānanda Ānanda Sutta
AN3_33.txt, To Ven. Sāriputta Sāriputta Sutta
AN3_34.txt, Causes Nidāna Sutta
AN3_35.txt, To Hatthaka Hatthaka Sutta
AN3_39.txt, Refinement Sukhamāla Sutta
AN3_40.txt, Governing Principles Ādhipateyya Sutta
AN3_42.txt, Instances Ṭhāna Sutta
AN3_47.txt, Fabricated Saṅkhata Sutta
AN3_49.txt, A Mountain Pabbata Sutta
AN3_5.txt, Inappropriately Ayoniso Sutta
AN3_50.txt, Ardency Ātappa Sutta
AN3_52.txt, Two People (1) Dvejana Sutta
AN3_53.txt, Two People (2) Dvejana Sutta
AN3_58.txt, To Vaccha (On Giving) Vaccha Sutta
AN3_61.txt, To Saṅgārava Saṅgārava Sutta
AN3_62.txt, Sectarians Tittha Sutta
AN3_63.txt, Dangers Bhaya Sutta
AN3_66.txt, To The Kālāmas Kālāma Sutta
AN3_68.txt, Topics For Discussion Kathāvatthu Sutta
AN3_69.txt, Sectarians Titthiya Sutta
AN3_70.txt, Roots Mūla Sutta
AN3_71.txt, The Roots Of The Uposatha Mūluposatha Sutta
AN3_72.txt, To Channa The Wanderer Channa Sutta
AN3_73.txt, To The Fatalists' Student Ājīvaka Sutta
AN3_74.txt, To The Sakyan Sakka Sutta
AN3_77.txt, Becoming (1) Bhava Sutta
AN3_78.txt, Becoming (2) Bhava Sutta
AN3_79.txt, Habit & Practice Sīlabbata Sutta
AN3_83.txt, The Donkey Gadrabha Sutta
AN3_85.txt, The Vajjian Monk Vajjiputta Sutta
AN3_87.txt, One In Training Sekhin Sutta (1)
AN3_88.txt, One In Training Sekhin Sutta (2)
AN3_90.txt, Trainings (1) Sikkha Sutta
AN3_91.txt, Trainings (2) Sikkha Sutta
AN3_93.txt, Urgent Accāyika Sutta
AN3_95.txt, Autumn Sarada Sutta
AN3_96.txt, Assemblies Parisā Sutta
AN3_97.txt, The Thoroughbred Ājāniya Sutta
AN4_1.txt, Understanding Anubuddha Sutta
AN4_10.txt, Yokes Yoga Sutta
AN4_100.txt, To Potaliya Potaliya Sutta
AN4_102.txt, Thunderheads Valāhaka Sutta
AN4_111.txt, To Kesin The Horsetrainer Kesi Sutta
AN4_113.txt, The Goad-Stick Patoda Sutta
AN4_115.txt, Courses Of Action Ṭhāna Sutta
AN4_116.txt, Heedfulness Appamāda Sutta
AN4_117.txt, Guarding Ārakkha Sutta
AN4_123.txt, Mental Absorption (1) Jhāna Sutta
AN4_124.txt, Mental Absorption (2) Jhāna Sutta
AN4_125.txt, Goodwill (1) Mettā Sutta
AN4_126.txt, Goodwill (2) Mettā Sutta
AN4_128.txt, Astounding Abbhūta Sutta
AN4_131.txt, Fetters Saṁyojana Sutta
AN4_138.txt, Withdrawn Nikkaṭṭha Sutta
AN4_144.txt, Brightness Obhāsa Sutta
AN4_156.txt, An Eon Kappa Sutta
AN4_158.txt, Decline Parihāni Sutta
AN4_159.txt, The Nun Bhikkhunī Sutta
AN4_160.txt, The One Well-Gone Sugata Sutta
AN4_162.txt, (Modes Of Practice) In Detail Vitthāra Sutta
AN4_163.txt, Unattractiveness Asubha Sutta
AN4_164.txt, Tolerant (1) Khama Sutta
AN4_165.txt, Tolerant (2) Khama Sutta
AN4_170.txt, In Tandem Yuganaddha Sutta
AN4_173.txt, To Koṭṭhita Koṭṭhita Sutta
AN4_178.txt, The Waste-Water Pool Jambālī Sutta
AN4_179.txt, Unbinding Nibbāna Sutta
AN4_181.txt, The Professional Warrior Yodhājīva Sutta
AN4_182.txt, Guarantor Pāṭibhoga Sutta
AN4_183.txt, On What Is Heard Suta Sutta
AN4_184.txt, Fearless Abhaya Sutta
AN4_19.txt, Off Course Agati Sutta
AN4_191.txt, Followed By Ear Sotānugata Sutta
AN4_192.txt, Traits Ṭhāna Sutta
AN4_194.txt, At Sāpuga Sāpuga Sutta
AN4_195.txt, To Vappa Vappa Sutta
AN4_199.txt, Craving Taṇhā Sutta
AN4_200.txt, Love Pema Sutta
AN4_201.txt, Training Rules Sikkhāpada Sutta
AN4_237.txt, The Noble Path Ariyamagga Sutta
AN4_24.txt, At Kāḷaka's Park Kāḷaka Sutta
AN4_245.txt, Training Sikkhā Sutta
AN4_252.txt, Searches Pariyesanā Sutta
AN4_255.txt, On Families Kula Sutta
AN4_263.txt, A Wilderness Dweller Araññaka Sutta
AN4_28.txt, The Traditions Of The Noble Ones Ariya-Vaṁsa Sutta
AN4_31.txt, Wheels Cakka Sutta
AN4_32.txt, The Bonds Of Fellowship Saṅgaha Sutta
AN4_33.txt, The Lion Sīha Sutta
AN4_35.txt, With Vassakāra Vassakāra Sutta
AN4_36.txt, With Doṇa Doṇa Sutta
AN4_37.txt, No Falling Away Aparihāni Sutta
AN4_38.txt, Detached Paṭilīna Sutta
AN4_41.txt, Concentration Samādhi Sutta
AN4_42.txt, Questions Pañha Sutta
AN4_45.txt, To Rohitassa Rohitassa Sutta
AN4_49.txt, Perversions Vipallāsa Sutta
AN4_5.txt, With The Flow Anusota Sutta
AN4_50.txt, Obscurations Upakkilesa Sutta
AN4_55.txt, Living In Tune Samajivina Sutta
AN4_62.txt, Debtlessness Anaṇa Sutta
AN4_67.txt, By A Snake Ahinā Sutta
AN4_73.txt, A Person Of Integrity Sappurisa Sutta
AN4_77.txt, Inconceivable Acintita Sutta
AN4_79.txt, Trade Vaṇijja Sutta
AN4_85.txt, Darkness Tama Sutta
AN4_87.txt, The Son Putta Sutta
AN4_88.txt, Fetters Saññojana Sutta
AN4_89.txt, View Diṭṭhi Sutta
AN4_90.txt, Aggregates Khandha Sutta
AN4_94.txt, Concentration (Tranquility & Insight) Samādhi Sutta
AN4_95.txt, The Firebrand Chalāvāta Sutta
AN4_96.txt, The Subduing Of Passion Rāga-Vinaya Sutta
AN4_99.txt, Trainings Sikkhā Sutta
AN5_106.txt, Comfortably Phāsu Sutta
AN5_109.txt, [a Monk] Of The Four Directions Catuddisa Sutta
AN5_110.txt, Wilderness Arañña Sutta
AN5_114.txt, At Andhakavinda Andhakavinda Sutta
AN5_121.txt, To A Sick Man Gilāna Sutta
AN5_129.txt, In Agony Parikuppa Sutta
AN5_130.txt, Being Consummate Sampadā Sutta
AN5_137.txt, One Sleeps Little Appaṁ Sutta
AN5_139.txt, Not Resilient Akkhama Sutta
AN5_140.txt, The Listener Sotar Sutta
AN5_148.txt, A Person Of Integrity's Gifts Sappurisadāna Sutta
AN5_151.txt, Assuredness In The True Dhamma (1) Saddhamma-Niyāma Sutta
AN5_152.txt, Assuredness In The True Dhamma (2) Saddhamma-Niyāma Sutta
AN5_159.txt, About Udāyin (On Teaching The Dhamma) Udāyin Sutta
AN5_161.txt, The Subduing Of Hatred (1) Āghatāvinaya Sutta
AN5_162.txt, The Subduing Of Hatred (2) Āghātavinaya Sutta
AN5_165.txt, On Asking Questions Pañhapucchā Sutta
AN5_166.txt, Cessation Nirodha Sutta
AN5_170.txt, To Bhaddaji Bhaddaji Sutta
AN5_175.txt, The Outcaste Caṇḍāla Sutta
AN5_176.txt, Rapture Pīti Sutta
AN5_177.txt, Business (Wrong Livelihood) Vaṇijjā Sutta
AN5_179.txt, The Householder Gihi Sutta
AN5_180.txt, About Gavesin Gavesin Sutta
AN5_191.txt, The Dog Discourse Soṇa Sutta
AN5_196.txt, Dreams Supina Sutta
AN5_198.txt, A Statement Vācā Sutta
AN5_199.txt, A Family Kula Sutta
AN5_2.txt, (Strengths) In Detail Vitthata Sutta
AN5_20.txt, Benefit Hita Sutta
AN5_200.txt, Leading To Escape Nissāraṇīya Sutta
AN5_202.txt, Listening To The Dhamma Dhammassavana Sutta
AN5_23.txt, Defilements Upakkilesa Sutta
AN5_25.txt, Supported Anugghita Sutta
AN5_254.txt, Stinginess Macchariya Suttas
AN5_26.txt, Release Vimutti Sutta
AN5_27.txt, (Immeasurable) Concentration Samādhi Sutta
AN5_28.txt, The Factors Of Concentration Samādhaṅga Sutta
AN5_29.txt, Walking Caṅkama Sutta
AN5_30.txt, To Nāgita Nāgita Sutta
AN5_31.txt, To Princess Sumanā Sumanā Sutta
AN5_34.txt, To General Sīha (On Giving) Sīha Sutta
AN5_36.txt, Seasonable Gifts Kāladāna Sutta
AN5_37.txt, A Meal Bhojana Sutta
AN5_38.txt, Conviction Saddha Sutta
AN5_41.txt, Benefits To Be Obtained (from Wealth) Ādiya Sutta
AN5_43.txt, What Is Welcome Iṭṭha Sutta
AN5_49.txt, The Kosalan Kosala Sutta
AN5_51.txt, Obstacles Āvaraṇa Sutta
AN5_53.txt, Factors (For Exertion) Aṅga Sutta
AN5_57.txt, Subjects For Contemplation Upajjhaṭṭhana Sutta
AN5_59.txt, Hard To Find (1) Dullabha Sutta
AN5_60.txt, Hard To Find (2) Dullabha Sutta
AN5_7.txt, By Sensuality Kāmesu Sutta
AN5_73.txt, Dwelling In The Dhamma (1) Dhammavihārin Sutta
AN5_74.txt, Dwelling In The Dhamma (2) Dhammavihārin Sutta
AN5_75.txt, The Professional Warrior (1) Yodhājīva Sutta
AN5_76.txt, The Professional Warrior (2) Yodhājīva Sutta
AN5_77.txt, Future Dangers (1) Anāgata-Bhayāni Sutta
AN5_78.txt, Future Dangers (2) Anāgata-Bhayāni Sutta
AN5_79.txt, Future Dangers (3) Anāgata-Bhayāni Sutta
AN5_80.txt, Future Dangers (4) Anāgata-Bhayāni Sutta
AN5_96.txt, One Who Retains What He Has Heard Sutadhara Sutta
AN5_97.txt, Talk Kathā Sutta
AN5_98.txt, Wilderness Ārañña Sutta
AN5_99.txt, The Lion Sīha Sutta
AN6_102.txt, Without Exception (1) Anodhi Sutta
AN6_103.txt, Without Exception (2) Anodhi Sutta
AN6_104.txt, Without Exception (3) Anodhi Sutta
AN6_12.txt, Conducive To Amiability Sārāṇīya Sutta
AN6_13.txt, Means Of Escape Nissāraṇīya Sutta
AN6_16.txt, Nakula's Parents Nakula Sutta
AN6_19.txt, Mindfulness Of Death (1) Maraṇassati Sutta
AN6_20.txt, Mindfulness Of Death (2) Maraṇassati Sutta
AN6_31.txt, Decline Parihāna Sutta
AN6_37.txt, Giving Dāna Sutta
AN6_41.txt, The Wood Pile Dārukkhandha Sutta
AN6_42.txt, To Nāgita Nāgita Sutta
AN6_43.txt, On The Nāga Nāga Sutta
AN6_45.txt, Debt Iṇa Sutta
AN6_46.txt, Cunda Cunda Sutta
AN6_47.txt, Visible Here & Now Sandiṭṭhika Sutta
AN6_49.txt, With Khema Khema Sutta
AN6_51.txt, Ven. Ānanda Ānanda Sutta
AN6_55.txt, About Soṇa Soṇa Sutta
AN6_60.txt, On Citta Citta Sutta
AN6_61.txt, The Further Shore Parāyana Sutta
AN6_63.txt, Penetrative Nibbedhika Sutta
AN6_70.txt, Concentration Samādhi Sutta
AN6_71.txt, Capable Of Realizing Sakkhibhabba Sutta
AN6_73.txt, Jhāna (1) Jhāna Sutta
AN6_74.txt, Jhāna (2) Jhāna Sutta
AN6_78.txt, Pleasure Sukha Sutta
AN6_83.txt, The Foremost State Aggadhamma Sutta
AN6_85.txt, Cooled Sīti Sutta
AN6_86.txt, Obstructions Āvaraṇatā Sutta
AN6_87.txt, Kamma Obstructions Kammāvaraṇatā Sutta
AN6_88.txt, Listening Well Sussūsa Sutta
AN6_91.txt, Incapable Abhabba Sutta
AN6_92.txt, Cases Ṭhāna Sutta
AN6_97.txt, Rewards Ānisaṁsa Sutta
AN7_11.txt, Obsessions (1) Anusaya Sutta
AN7_12.txt, Obsessions (2) Anusaya Sutta
AN7_15.txt, The Water Simile Udakupama Sutta
AN7_21.txt, Conditions For No Decline Among The Monks Bhikkhu-Aparihāniya Sutta
AN7_31.txt, Heedfulness Appamāda Sutta
AN7_32.txt, A Sense Of Shame Hirimā Sutta
AN7_33.txt, Compliance (1) Sovacassatā Sutta
AN7_34.txt, Compliance (2) Sovacassatā Sutta
AN7_35.txt, A Friend Mitta Sutta
AN7_46.txt, Perceptions Saññā Sutta
AN7_47.txt, Copulation Methuna Sutta
AN7_48.txt, Bondage Saññoga Sutta
AN7_49.txt, Giving Dāna Sutta
AN7_50.txt, About Nandamātar Nandamātar Sutta
AN7_51.txt, Undeclared Abyākata Sutta
AN7_54.txt, To Sīha Sīha Sutta
AN7_56.txt, To Kimila Kimila Sutta
AN7_58.txt, Nodding Capala Sutta
AN7_6.txt, Treasure Dhana Sutta
AN7_60.txt, An Angry Person Kodhana Sutta
AN7_63.txt, The Fortress Nagara Sutta
AN7_64.txt, One With A Sense Of Dhamma Dhammaññū Sutta
AN7_7.txt, To Ugga Ugga Sutta
AN7_70.txt, Araka's Instructions Arakenānusasani Sutta
AN7_80.txt, The Teacher's Instruction Satthusāsana Sutta
AN8_103.txt, Honor Yasa Sutta
AN8_13.txt, The Thoroughbred Ājāññā Sutta
AN8_14.txt, Unruly Khaḷuṅka Sutta
AN8_19.txt, Pahārāda Pahārāda Sutta
AN8_2.txt, Discernment Paññā Sutta
AN8_22.txt, About Ugga Ugga Sutta
AN8_23.txt, About Hatthaka (1) Hatthaka Sutta
AN8_24.txt, About Hatthaka (2) Hatthaka Sutta
AN8_26.txt, To Jīvaka (On Being A Lay Follower) Jīvaka Sutta
AN8_28.txt, Strengths Bala Sutta
AN8_30.txt, To Anuruddha Anuruddha Sutta
AN8_39.txt, Bonanzas Abhisanda Sutta
AN8_40.txt, Results Vipāka Sutta
AN8_51.txt, To Gotamī Gotamī Sutta
AN8_53.txt, In Brief Saṅkhitta Sutta
AN8_54.txt, To Dīghajāṇu Dīghajāṇu Sutta
AN8_6.txt, The Failings Of The World Lokavipatti Sutta
AN8_61.txt, Desire Icchā Sutta
AN8_7.txt, About Devadatta Devadatta Sutta
AN8_70.txt, In Brief (Sublime Attitudes, Mindfulness, & Concentration) Saṅkhitta Sutta
AN8_71.txt, At Gayā Gayā Sutta
AN8_8.txt, About Uttara Uttara Sutta
AN8_9.txt, About Nanda Nanda Sutta
AN8_95.txt, The Grounds For Laziness & The Arousal Of Energy Kusīta-Ārabbhavatthu Sutta
AN9_1.txt, Self-Awakening Sambodhi Sutta
AN9_13.txt, With Koṭṭhita Koṭṭhita Sutta
AN9_14.txt, About Samiddhi Samiddhi Sutta
AN9_15.txt, A Boil Gaṇḍa Sutta
AN9_16.txt, Perceptions Saññā Sutta
AN9_20.txt, About Velāma Velāma Sutta
AN9_24.txt, Beings Sattā Sutta
AN9_25.txt, Discernment Paññā Sutta
AN9_31.txt, Step-By-Step Cessation Anupubbanirodha Sutta
AN9_32.txt, Dwellings (1) Vihāra Sutta
AN9_33.txt, Dwellings (2) Vihāra Sutta
AN9_34.txt, Unbinding Nibbāna Sutta
AN9_35.txt, The Cow Gāvī Sutta
AN9_36.txt, Mental Absorption Jhāna Sutta
AN9_37.txt, With Ānanda Ānanda Sutta
AN9_38.txt, To Two Brahmans Brāhmaṇa Sutta
AN9_39.txt, The Devas (About Jhāna) Deva Sutta
AN9_40.txt, The Tusker Nāga Sutta
AN9_41.txt, To Tapussa (On Renunciation) Tapussa Sutta
AN9_42.txt, Pañcāla's Verse Pañcāla Sutta
AN9_43.txt, Bodily Witness Kāyasakkhī Sutta
AN9_44.txt, Released Through Discernment Paññāvimutti Sutta
AN9_45.txt, (Released) Both Ways Ubhatobhāga Sutta
AN9_62.txt, Capable Bhabba Sutta
AN9_63.txt, Things That Weaken The Training Sikkhā-Dubbalya Sutta
AN9_64.txt, Hindrances Nīvaraṇa Sutta
AN9_7.txt, To Sutavant Sutavā Sutta
AN9_8.txt, To Sajjha Sajjha Sutta
