StNp1_1.txt, The Snake
StNp1_10.txt, Āḷavaka
StNp1_11.txt, Victory
StNp1_12.txt, The Sage
StNp1_2.txt, Dhaniya The Cattleman
StNp1_3.txt, A Rhinoceros
StNp1_4.txt, To Kasi Bhāradvāja
StNp1_5.txt, Cunda
StNp1_6.txt, Decline
StNp1_7.txt, An Outcaste
StNp1_8.txt, Goodwill
StNp1_9.txt, Hemavata
StNp2_1.txt, Treasures
StNp2_10.txt, Initiative
StNp2_11.txt, Rāhula
StNp2_12.txt, Vaṅgīsa
StNp2_13.txt, Right Wandering
StNp2_14.txt, Dhammika
StNp2_2.txt, Raw Stench
StNp2_3.txt, Shame
StNp2_4.txt, Protection
StNp2_5.txt, Suciloma
StNp2_6.txt, The Dhamma Life
StNp2_7.txt, Brahman Principles
StNp2_8.txt, A Boat
StNp2_9.txt, With What Virtue?
StNp3_1.txt, The Going Forth
StNp3_10.txt, Kokālika
StNp3_11.txt, Nālaka
StNp3_12.txt, The Contemplation Of Dualities
StNp3_2.txt, Exertion
StNp3_3.txt, Well-Spoken
StNp3_4.txt, Sundarika Bhāradvāja
StNp3_5.txt, Māgha
StNp3_6.txt, Sabhiya
StNp3_7.txt, Sela
StNp3_8.txt, The Arrow
StNp3_9.txt, Vāseṭṭha
StNp4_1.txt, Sensual Pleasure
StNp4_10.txt, Before The Break-Up (Of The Body)
StNp4_11.txt, Quarrels & Disputes
StNp4_12.txt, The Lesser Array
StNp4_13.txt, The Great Array
StNp4_14.txt, Quickly
StNp4_15.txt, The Rod Embraced
StNp4_16.txt, To Sāriputta
StNp4_2.txt, The Cave Octet
StNp4_3.txt, The Corrupted Octet
StNp4_4.txt, The Pure Octet
StNp4_5.txt, The Supreme Octet
StNp4_6.txt, Old Age
StNp4_7.txt, To Tissa-Metteyya
StNp4_8.txt, To Pasūra
StNp4_9.txt, To Māgandiya
StNp5_1.txt, Ajita's Questions
StNp5_10.txt, Kappa's Question
StNp5_11.txt, Jatukaṇṇin's Question
StNp5_12.txt, Bhadrāvudha's Question
StNp5_13.txt, Udaya's Questions
StNp5_14.txt, Posāla's Question
StNp5_15.txt, Mogharāja's Question
StNp5_16.txt, Piṅgiya's Questions
StNp5_2.txt, Tissa-Metteyya's Questions
StNp5_3.txt, Puṇṇaka's Questions
StNp5_4.txt, Mettagū's Questions
StNp5_5.txt, Dhotaka's Questions
StNp5_6.txt, Upasīva's Questions
StNp5_7.txt, Nanda's Questions
StNp5_8.txt, Hemaka's Question
StNp5_9.txt, Todeyya's Questions
StNp5_epilog.txt, The To-The-Far-Shore Chapter  (Pārāyana Vagga)
StNp5_prolog.txt, The To-The-Far-Shore Chapter  (Pārāyana Vagga)
