iti100.wav.mp3, 94.563265
iti101.wav.mp3, 74.292245
iti102.wav.mp3, 77.844898
iti103.wav.mp3, 126.928980
iti104.wav.mp3, 125.962449
iti105.wav.mp3, 69.825306
iti106.wav.mp3, 89.364898
iti107.wav.mp3, 84.062041
iti108.wav.mp3, 68.675918
iti109.wav.mp3, 108.904490
iti10.wav.mp3, 36.257959
iti110.wav.mp3, 148.244898
iti111.wav.mp3, 155.010612
iti112.wav.mp3, 216.267755
iti14.wav.mp3, 43.206531
iti15.wav.mp3, 48.744490
iti16.wav.mp3, 42.893061
iti17.wav.mp3, 43.128163
iti18.wav.mp3, 59.951020
iti19.wav.mp3, 57.547755
iti1.wav.mp3, 44.199184
iti20.wav.mp3, 63.503673
iti21.wav.mp3, 59.376327
iti22.wav.mp3, 117.524898
iti23.wav.mp3, 51.121633
iti24.wav.mp3, 66.690612
iti25.wav.mp3, 30.223673
iti26.wav.mp3, 78.602449
iti27.wav.mp3, 157.753469
iti28.wav.mp3, 65.619592
iti29.wav.mp3, 64.626939
iti2.wav.mp3, 34.194286
iti30.wav.mp3, 55.379592
iti31.wav.mp3, 55.431837
iti32.wav.mp3, 33.567347
iti33.wav.mp3, 35.134694
iti34.wav.mp3, 60.525714
iti35.wav.mp3, 53.080816
iti36.wav.mp3, 53.786122
iti37.wav.mp3, 56.293878
iti38.wav.mp3, 128.914286
iti39.wav.mp3, 58.174694
iti3.wav.mp3, 34.351020
iti40.wav.mp3, 51.200000
iti41.wav.mp3, 68.310204
iti42.wav.mp3, 66.377143
iti43.wav.mp3, 64.261224
iti44.wav.mp3, 123.533061
iti45.wav.mp3, 63.111837
iti46.wav.mp3, 71.810612
iti47.wav.mp3, 83.879184
iti48.wav.mp3, 69.877551
iti49.wav.mp3, 109.244082
iti4.wav.mp3, 34.037551
iti50.wav.mp3, 34.220408
iti51.wav.mp3, 49.449796
iti52.wav.mp3, 39.653878
iti53.wav.mp3, 68.675918
iti54.wav.mp3, 39.758367
iti55.wav.mp3, 49.136327
iti56.wav.mp3, 40.150204
iti57.wav.mp3, 38.138776
iti58.wav.mp3, 44.538776
iti59.wav.mp3, 46.628571
iti5.wav.mp3, 34.194286
iti60.wav.mp3, 48.143673
iti61.wav.mp3, 43.102041
iti62.wav.mp3, 55.196735
iti63.wav.mp3, 52.558367
iti64.wav.mp3, 40.124082
iti65.wav.mp3, 39.862857
iti66.wav.mp3, 33.071020
iti67.wav.mp3, 31.582041
iti68.wav.mp3, 55.562449
iti69.wav.mp3, 72.359184
iti6.wav.mp3, 34.194286
iti70.wav.mp3, 99.160816
iti71.wav.mp3, 94.119184
iti72.wav.mp3, 53.315918
iti73.wav.mp3, 52.636735
iti74.wav.mp3, 197.355102
iti75.wav.mp3, 154.880000
iti76.wav.mp3, 133.537959
iti77.wav.mp3, 33.933061
iti78.wav.mp3, 93.857959
iti79.wav.mp3, 95.451429
iti7.wav.mp3, 40.280816
iti80.wav.mp3, 52.715102
iti81.wav.mp3, 154.932245
iti82.wav.mp3, 128.287347
iti83.wav.mp3, 172.669388
iti84.wav.mp3, 198.556735
iti85.wav.mp3, 68.911020
iti86.wav.mp3, 54.622041
iti87.wav.mp3, 119.719184
iti88.wav.mp3, 138.605714
iti89.wav.mp3, 125.962449
iti8.wav.mp3, 49.214694
iti90.wav.mp3, 169.665306
iti91.wav.mp3, 110.471837
iti92.wav.mp3, 104.097959
iti93.wav.mp3, 100.101224
iti94.wav.mp3, 38.191020
iti95.wav.mp3, 76.173061
iti96.wav.mp3, 65.462857
iti97.wav.mp3, 137.822041
iti98.wav.mp3, 70.138776
iti99.wav.mp3, 248.320000
iti9.wav.mp3, 42.344490
