iti1.txt, Itivuttaka 1
iti10.txt, Itivuttaka 10â€”13
iti100.txt, Itivuttaka 100
iti101.txt, Itivuttaka 101
iti102.txt, Itivuttaka 102
iti103.txt, Itivuttaka 103
iti104.txt, Itivuttaka 104
iti105.txt, Itivuttaka 105
iti106.txt, Itivuttaka 106
iti107.txt, Itivuttaka 107
iti108.txt, Itivuttaka 108
iti109.txt, Itivuttaka 109
iti110.txt, Itivuttaka 110
iti111.txt, Itivuttaka 111
iti112.txt, Itivuttaka 112
iti14.txt, Itivuttaka 14
iti15.txt, Itivuttaka 15
iti16.txt, Itivuttaka 16
iti17.txt, Itivuttaka 17
iti18.txt, Itivuttaka 18
iti19.txt, Itivuttaka 19
iti2.txt, Itivuttaka 2
iti20.txt, Itivuttaka 20
iti21.txt, Itivuttaka 21
iti22.txt, Itivuttaka 22
iti23.txt, Itivuttaka 23
iti24.txt, Itivuttaka 24
iti25.txt, Itivuttaka 25
iti26.txt, Itivuttaka 26
iti27.txt, Itivuttaka 27
iti28.txt, Itivuttaka 28
iti29.txt, Itivuttaka 29
iti3.txt, Itivuttaka 3
iti30.txt, Itivuttaka 30
iti31.txt, Itivuttaka 31
iti32.txt, Itivuttaka 32
iti33.txt, Itivuttaka 33
iti34.txt, Itivuttaka 34
iti35.txt, Itivuttaka 35
iti36.txt, Itivuttaka 36
iti37.txt, Itivuttaka 37
iti38.txt, Itivuttaka 38
iti39.txt, Itivuttaka 39
iti4.txt, Itivuttaka 4
iti40.txt, Itivuttaka 40
iti41.txt, Itivuttaka 41
iti42.txt, Itivuttaka 42
iti43.txt, Itivuttaka 43
iti44.txt, Itivuttaka 44
iti45.txt, Itivuttaka 45
iti46.txt, Itivuttaka 46
iti47.txt, Itivuttaka 47
iti48.txt, Itivuttaka 48
iti49.txt, Itivuttaka 49
iti5.txt, Itivuttaka 5
iti50.txt, Itivuttaka 50
iti51.txt, Itivuttaka 51
iti52.txt, Itivuttaka 52
iti53.txt, Itivuttaka 53
iti54.txt, Itivuttaka 54
iti55.txt, Itivuttaka 55
iti56.txt, Itivuttaka 56
iti57.txt, Itivuttaka 57
iti58.txt, Itivuttaka 58
iti59.txt, Itivuttaka 59
iti6.txt, Itivuttaka 6
iti60.txt, Itivuttaka 60
iti61.txt, Itivuttaka 61
iti62.txt, Itivuttaka 62
iti63.txt, Itivuttaka 63
iti64.txt, Itivuttaka 64
iti65.txt, Itivuttaka 65
iti66.txt, Itivuttaka 66
iti67.txt, Itivuttaka 67
iti68.txt, Itivuttaka 68
iti69.txt, Itivuttaka 69
iti7.txt, Itivuttaka 7
iti70.txt, Itivuttaka 70
iti71.txt, Itivuttaka 71
iti72.txt, Itivuttaka 72
iti73.txt, Itivuttaka 73
iti74.txt, Itivuttaka 74
iti75.txt, Itivuttaka 75
iti76.txt, Itivuttaka 76
iti77.txt, Itivuttaka 77
iti78.txt, Itivuttaka 78
iti79.txt, Itivuttaka 79
iti8.txt, Itivuttaka 8
iti80.txt, Itivuttaka 80
iti81.txt, Itivuttaka 81
iti82.txt, Itivuttaka 82
iti83.txt, Itivuttaka 83
iti84.txt, Itivuttaka 84
iti85.txt, Itivuttaka 85
iti86.txt, Itivuttaka 86
iti87.txt, Itivuttaka 87
iti88.txt, Itivuttaka 88
iti89.txt, Itivuttaka 89
iti9.txt, Itivuttaka 9
iti90.txt, Itivuttaka 90
iti91.txt, Itivuttaka 91
iti92.txt, Itivuttaka 92
iti93.txt, Itivuttaka 93
iti94.txt, Itivuttaka 94
iti95.txt, Itivuttaka 95
iti96.txt, Itivuttaka 96
iti97.txt, Itivuttaka 97
iti98.txt, Itivuttaka 98
iti99.txt, Itivuttaka 99
