SN10_12.txt, To The Āḷavaka Yakkha Āḷavaka Sutta
SN10_4.txt, With Maṇibhadda Maṇibhadda Sutta
SN10_8.txt, About Sudatta (Anāthapiṇḍika) Sudatta Sutta
SN11_14.txt, Poor Daḷidda Sutta
SN11_15.txt, A Delightful Place Rāmaṇeyyaka Sutta
SN11_22.txt, Ugly Dubbaṇṇiya Sutta
SN11_24.txt, A Transgression Accaya Sutta
SN11_3.txt, The Top Of The Standard Dhajagga Sutta
SN11_5.txt, Victory Through What Is Well Spoken Subhāsita-Jaya Sutta
SN12_10.txt, About Gotama Gotama Sutta
SN12_11.txt, Nutriment Āhāra Sutta
SN12_12.txt, To Phagguna Phagguna Sutta
SN12_15.txt, To Kaccāna Gotta Kaccānagotta Sutta
SN12_17.txt, To The Clothless Ascetic Acela Sutta
SN12_18.txt, To Timbarukkha Timbarukkha Sutta
SN12_19.txt, The Fool & The Wise Person Bāla-Paṇḍita Sutta
SN12_2.txt, An Analysis Of Dependent Co-Arising Paṭiccasamuppāda Vibhaṅga Sutta
SN12_20.txt, Requisite Conditions Paccaya Sutta
SN12_23.txt, Prerequisites Upanisa Sutta
SN12_25.txt, To Bhūmija Bhūmija Sutta
SN12_31.txt, This Has Come Into Being Bhūtamidaṁ Sutta
SN12_35.txt, From Ignorance As A Requisite Condition Avijjāpaccaya Sutta
SN12_38.txt, Intention Cetanā Sutta
SN12_44.txt, The World Loka Sutta
SN12_46.txt, A Certain Brahman Aññatara Sutta
SN12_48.txt, The Cosmologist Lokāyatika Sutta
SN12_51.txt, Investigating Parivīmaṁsa Sutta
SN12_52.txt, Clinging Upādāna Sutta
SN12_55.txt, The Great Tree Mahārukkha Sutta
SN12_61.txt, Uninstructed Assutavā Sutta
SN12_62.txt, Uninstructed (2) Assutavā Sutta
SN12_63.txt, A Son's Flesh Puttamaṁsa Sutta
SN12_64.txt, Where There Is Passion Atthi Rāga Sutta
SN12_65.txt, The City Nagara Sutta
SN12_66.txt, Scrutiny Sammasa Sutta
SN12_67.txt, Sheaves Of Reeds Naḷakalāpiyo Sutta
SN12_68.txt, At Kosambī Kosambī Sutta
SN12_69.txt, Rises Upayanti Sutta
SN12_70.txt, Susima Sutta About Susima
SN13_1.txt, The Tip Of The Fingernail Nakhasikhā Sutta
SN13_2.txt, The Pond Pokkharaṇī Sutta
SN13_8.txt, The Ocean Samudda Sutta
SN14_11.txt, Seven Properties Sattadhātu Sutta
SN15_10.txt, Person Puggala Sutta
SN15_11.txt, Fallen On Hard Times Duggata Sutta
SN15_12.txt, Happy Sukhita Sutta
SN15_13.txt, Thirty Tiṁsa Sutta
SN15_14.txt, Mother Mātu Sutta
SN15_3.txt, Tears Assu Sutta
SN15_5.txt, A Mountain Pabbata Sutta
SN15_6.txt, Mustard Seed Sāsapa Sutta
SN15_8.txt, The Ganges Gangā Sutta
SN15_9.txt, The Stick Daṇḍa Sutta
SN16_11.txt, The Robe Cīvara Sutta
SN16_13.txt, A Counterfeit Of The True Dhamma Saddhammapaṭirūpaka Sutta
SN16_2.txt, Without Compunction Anottāpī Sutta
SN16_5.txt, Old Jiṇṇa Sutta
SN17_3.txt, The Turtle Kumma Sutta
SN17_5.txt, The Dung Beetle Kaṁsaḷakā Sutta
SN17_8.txt, The Jackal Sigala Sutta
SN1_1.txt, Crossing Over The Flood Ogha-Taraṇa Sutta
SN1_10.txt, The Wilderness Arañña Sutta
SN1_18.txt, Shame Hiri Sutta
SN1_2.txt, Freedom Nimokkha Sutta
SN1_20.txt, About Samiddhi Samiddhi Sutta
SN1_25.txt, An Arahant Arahanta Sutta
SN1_38.txt, The Stone Sliver Sakalika Sutta
SN1_41.txt, On Fire Āditta Sutta
SN1_42.txt, A Giver Of What Kindada Sutta
SN1_51.txt, Old Age Jarā Sutta
SN1_55.txt, Engendered Jana Sutta
SN1_56.txt, Engendered (2) Jana Sutta
SN1_57.txt, Engendered (3) Jana Sutta
SN1_64.txt, Fettered Saññojana Sutta
SN1_69.txt, Desire Icchā Sutta
SN1_7.txt, Unpenetrated Appaṭividitā Sutta
SN1_71.txt, Having Killed Chetvā Sutta
SN1_9.txt, Fond Of Conceit Manakāma Sutta
SN20_2.txt, The Tip Of The Fingernail Nakhasikhā Sutta
SN20_4.txt, Serving Dishes Okkhā Sutta
SN20_5.txt, The Spear Satti Sutta
SN20_6.txt, The Archer Dhanuggaha Sutta
SN20_7.txt, The Peg Āṇi Sutta
SN21_1.txt, Kolita Kolita Sutta
SN21_10.txt, (A Monk) By The Name Of Elder  (On Solitude) Theranāma Sutta
SN21_2.txt, About Upatissa (Sāriputta) Upatissa Sutta
SN21_3.txt, The Barrel Ghaṭa Sutta
SN21_6.txt, Bhaddiya Bhaddiya Sutta
SN21_9.txt, Tissa Tissa Sutta
SN22_1.txt, To Nakulapitar Nakulapitar Sutta
SN22_100.txt, The Leash (2) Gaddūla Sutta
SN22_101.txt, The Ship Nava Sutta
SN22_121.txt, Clinging Upādāna Sutta
SN22_122.txt, Virtuous Sīlavant Sutta
SN22_126.txt, Subject To Origination (1) Samudaya-Dhamma Sutta
SN22_127.txt, Subject To Origination (2) Samudaya-Dhamma Sutta
SN22_131.txt, Origination (1) Samudaya Sutta
SN22_132.txt, Origination (2) Samudaya Sutta
SN22_18.txt, Cause (1) Hetu Sutta
SN22_19.txt, Cause (2) Hetu Sutta
SN22_2.txt, At Devadaha Devadaha Sutta
SN22_20.txt, Cause (3) Hetu Sutta
SN22_22.txt, The Burden Bhāra Sutta
SN22_23.txt, Comprehension Pariñña Sutta
SN22_3.txt, To Haliddikāni Haliddikāni Sutta
SN22_36.txt, The Monk Bhikkhu Sutta
SN22_39.txt, In Accordance With The Dhamma (1) Anudhamma Sutta
SN22_40.txt, In Accordance With The Dhamma (2) Anudhamma Sutta
SN22_41.txt, In Accordance With The Dhamma (3) Anudhamma Sutta
SN22_42.txt, In Accordance With The Dhamma (4) Anudhamma Sutta
SN22_47.txt, Assumptions Samanupassanā Sutta
SN22_48.txt, Aggregates Khandha Sutta
SN22_5.txt, Concentration Samādhi Sutta
SN22_53.txt, Attached Upaya Sutta
SN22_54.txt, Means Of Propagation Bīja Sutta
SN22_55.txt, Exclamation Udāna Sutta
SN22_56.txt, The (Fourfold) Round Parivaṭṭa Sutta
SN22_57.txt, Seven Bases Sattaṭṭhāna Sutta
SN22_58.txt, Awakened Buddha Sutta
SN22_59.txt, The Five (Brethren) Pañca Sutta
SN22_60.txt, To Mahāli Mahāli Sutta
SN22_76.txt, Arahants Arahanta Sutta
SN22_78.txt, The Lion Sīha Sutta
SN22_79.txt, Chewed Up Khajjanīya Sutta
SN22_80.txt, Almsgoers Piṇḍolya Sutta
SN22_81.txt, At Pālileyyaka Pālileyyaka Sutta
SN22_82.txt, The Full-Moon Night Puṇṇama Sutta
SN22_83.txt, Ānanda Ānanda Sutta
SN22_84.txt, Tissa Tissa Sutta
SN22_85.txt, To Yamaka Yamaka Sutta
SN22_86.txt, To Anurādha Anurādha Sutta
SN22_88.txt, To Assaji Assaji Sutta
SN22_89.txt, About Khemaka Khemaka Sutta
SN22_90.txt, To Channa Channa Sutta
SN22_93.txt, The River Nadī Sutta
SN22_94.txt, Flowers Puppha Sutta
SN22_95.txt, Foam Pheṇa Sutta
SN22_96.txt, Cow Dung Gomaya Sutta
SN22_97.txt, The Tip Of The Fingernail Nakhasikhā Sutta
SN22_99.txt, The Leash (1) Gaddūla Sutta
SN23_1.txt, Mortality Māra Sutta
SN23_2.txt, A Being Satta Sutta
SN25_1.txt, The Eye Cakkhu Sutta
SN25_10.txt, 
SN25_2.txt, 
SN25_3.txt, 
SN25_4.txt, 
SN25_5.txt, 
SN25_6.txt, 
SN25_7.txt, 
SN25_8.txt, 
SN25_9.txt, 
SN27_1.txt, The Eye Cakkhu Sutta
SN27_10.txt, Aggregates Khandha Sutta
SN27_2.txt, Forms Rūpa Sutta
SN27_3.txt, Consciousness Viññāṇa Sutta
SN27_4.txt, Contact Phassa Sutta
SN27_5.txt, Feeling Vedanā Sutta
SN27_6.txt, Perception Saññā Sutta
SN27_7.txt, Intention Cetanā Sutta
SN27_8.txt, Craving Taṇhā Sutta
SN27_9.txt, Properties Dhātu Sutta
SN2_17.txt, Subrahma The Deva's Son Subrahma Sutta
SN2_19.txt, Uttara The Deva's Son Uttara Sutta
SN2_2.txt, Kassapa The Deva's Son Kassapa Sutta
SN2_22.txt, Khema The Deva's Son Khema Sutta
SN2_7.txt, Pañcālacaṇḍa The Deva's Son Pañcālacaṇḍa Sutta
SN35_101.txt, Not Yours Na Tumhāka Sutta
SN35_115.txt, Māra's Power Mārapāsa Sutta
SN35_116.txt, Cosmos Loka Sutta
SN35_117.txt, Strings Of Sensuality Kāmaguṇa Sutta
SN35_118.txt, To Sakka Sakka Sutta
SN35_127.txt, About Bhāradvāja Bhāradvāja Sutta
SN35_134.txt, At Devadaha Devadaha Sutta
SN35_135.txt, The Opportunity Khaṇa Sutta
SN35_136.txt, Delight In Forms Rūpārāma Sutta
SN35_145.txt, Action Kamma Sutta
SN35_153.txt, Faculties Indriya Sutta
SN35_17.txt, If There Were Not This (1) No Cedaṁ Sutta
SN35_18.txt, If There Were Not This (2) No Cedaṁ Sutta
SN35_187.txt, The Ocean (1) Samudda Sutta
SN35_188.txt, The Ocean (2) Samudda Sutta
SN35_189.txt, The Fisherman Bāḷisika Sutta
SN35_19.txt, Delight (1) Abhinanda Sutta
SN35_190.txt, The Milk Sap Tree Khīrarukkha Sutta
SN35_191.txt, To Koṭṭhita Koṭṭhita Sutta
SN35_193.txt, With Udāyin Udāyī Sutta
SN35_197.txt, Vipers Āsīvisa Sutta
SN35_198.txt, The Chariot Ratha Sutta
SN35_199.txt, The Turtle Kumma Sutta
SN35_20.txt, Delight (2) Abhinanda Sutta
SN35_200.txt, The Log Dārukkhandha Sutta
SN35_202.txt, Soggy Avassuta Sutta
SN35_204.txt, The Riddle Tree Kiṁsuka Sutta
SN35_205.txt, The Lute Vīṇā Sutta
SN35_206.txt, The Six Animals Chappāṇa Sutta
SN35_207.txt, The Sheaf Of Barley Yavakalāpi Sutta
SN35_23.txt, The All Sabba Sutta
SN35_24.txt, For Abandoning Pahāna Sutta
SN35_28.txt, Aflame Āditta-Pariyāya Sutta
SN35_63.txt, To Migajāla Migajāla Sutta
SN35_69.txt, Upasena Upasena Sutta
SN35_74.txt, Ill (1) Gilāna Sutta
SN35_75.txt, Ill (2) Gilāna Sutta
SN35_80.txt, Ignorance Avijjā Sutta
SN35_82.txt, The World Loka Sutta
SN35_85.txt, Empty Suñña Sutta
SN35_88.txt, To Puṇṇa Puṇṇa Sutta
SN35_93.txt, A Pair Dvaya Sutta
SN35_95.txt, To Māluṅkyaputta Māluṅkyaputta Sutta
SN35_97.txt, Dwelling In Heedlessness Pamādavihārin Sutta
SN35_99.txt, Concentration Samādhi Sutta
SN36_11.txt, Alone Rahogata Sutta
SN36_19.txt, Pañcakaṅga Pañcakaṅga Sutta
SN36_21.txt, To Sivaka Sivaka Sutta
SN36_22.txt, The One-Hundred-And-Eight Exposition Aṭṭhasata Sutta
SN36_23.txt, To A Certain Bhikkhu Bhikkhu Sutta
SN36_31.txt, Not Of The Flesh Nirāmisa Sutta
SN36_4.txt, The Bottomless Chasm Pātāla Sutta
SN36_6.txt, The Arrow Sallattha Sutta
SN36_7.txt, The Sick Ward Gelañña Sutta
SN37_34.txt, Growth Vaḍḍhinā Sutta
SN38_14.txt, Stress Dukkha Sutta
SN3_1.txt, Young Dahara Sutta
SN3_10.txt, Bonds Bandhana Sutta
SN3_11.txt, Coiled-Hair Ascetics Jaṭila Sutta
SN3_14.txt, A Battle (1) Saṅgāma Sutta
SN3_15.txt, A Battle (2) Saṅgāma Sutta
SN3_17.txt, Heedfulness Appamāda Sutta
SN3_19.txt, Heirless (1) Aputtaka Sutta
SN3_20.txt, Heirless (2) Aputtaka Sutta
SN3_21.txt, Persons Puggala Sutta
SN3_22.txt, Grandmother Ayyikā Sutta
SN3_23.txt, (Qualities Of) The World Loka Sutta
SN3_24.txt, Archery Skills Issattha Sutta
SN3_25.txt, The Simile Of The Mountains Pabbatopama Sutta
SN3_4.txt, Dear Piya Sutta
SN3_5.txt, Self-Protected Atta-Rakkhita Sutta
SN3_6.txt, Few Appaka Sutta
SN3_7.txt, In Judgment Atthakaraṇa Sutta
SN3_8.txt, Mallikā Mallikā Sutta
SN3_9.txt, Sacrifice Yañña Sutta
SN41_10.txt, Sick  (Citta The Householder's Last Hours) Gilāna Sutta
SN41_3.txt, About Isidatta Isidatta Sutta
SN41_4.txt, About Mahaka Mahaka Sutta
SN41_6.txt, With Kāmabhū  (On The Cessation Of Perception & Feeling) Kāmabhū Sutta
SN41_7.txt, To Godatta (On Awareness-Release) Godatta Sutta
SN42_10.txt, To Maṇicūḷaka Maṇicūḷaka Sutta
SN42_11.txt, To Gandhabhaka Gandhabhaka Sutta
SN42_2.txt, To Tālapuṭa The Actor Tālapuṭa Sutta
SN42_3.txt, To Yodhājīva (The Professional Warrior) Yodhājīva Sutta
SN42_6.txt, (Brahmans) Of The Western Land Paccha-Bhūmika Sutta
SN42_7.txt, Teaching Desanā Sutta
SN42_8.txt, The Conch Trumpet Saṅkha Sutta
SN42_9.txt, Families Kula Sutta
SN43.txt, Unfabricated-Connected Asaṅkhata Saṁyutta
SN44_1.txt, With Khemā Khema Sutta
SN44_10.txt, To Ānanda Ānanda Sutta
SN44_11.txt, With Sabhiya Sabhiya Sutta
SN44_3.txt, Sāriputta And Koṭṭhita (1) Sāriputta-Koṭṭhita Sutta
SN44_4.txt, Sāriputta And Koṭṭhita (2) Sāriputta-Koṭṭhita Sutta
SN44_5.txt, Sāriputta And Koṭṭhita (3) Sāriputta-Koṭṭhita Sutta
SN44_6.txt, Sāriputta And Koṭṭhita (4) Sāriputta-Koṭṭhita Sutta
SN44_7.txt, With Moggallāna Moggallāna Sutta
SN44_8.txt, With Vacchagotta Vacchagotta Sutta
SN44_9.txt, The Debating Hall Kutūhalasālā Sutta
SN45_1.txt, Ignorance Avijjā Sutta
SN45_153.txt, A Pot Kumbha Sutta
SN45_154.txt, The Spike Suka Sutta
SN45_155.txt, The Air Ākāsa Sutta
SN45_159.txt, Guests Āgantukā Sutta
SN45_171.txt, Floods Ogha Sutta
SN45_2.txt, Half (Of The Holy Life) Upaḍḍha Sutta
SN45_27.txt, A Pot Kumbha Sutta
SN45_4.txt, The Brahman Brāhmaṇa Sutta
SN45_56.txt, Admirable Friendship Kalyāṇa-Mittatā Sutta
SN45_8.txt, An Analysis Of The Path Magga-Vibhaṅga Sutta
SN46_1.txt, The Himalayas (On The Factors For Awakening) Himavanta Sutta
SN46_11.txt, Living Beings Pāṇa Sutta
SN46_14.txt, Ill Gilāna Sutta
SN46_18.txt, Neglected Viraddha Sutta
SN46_26.txt, Ending Khaya Sutta
SN46_29.txt, One Quality Ekadhamma Sutta
SN46_3.txt, Virtue Sīla Sutta
SN46_30.txt, To Udāyin Udāyin Sutta
SN46_38.txt, Hindrances Nīvaraṇa Sutta
SN46_4.txt, Clothes Vattha Sutta
SN46_5.txt, To A Monk Bhikkhu Sutta
SN46_51.txt, Food (For The Factors For Awakening) Āhāra Sutta
SN46_52.txt, An Exposition Pariyāya Sutta
SN46_53.txt, Fire Aggi Sutta
SN46_54.txt, Goodwill Mettā Sutta
SN46_8.txt, Upavāṇa Upavāṇa Sutta
SN47_10.txt, At The Nuns' Residence Bhikkhun'upassaya Sutta
SN47_13.txt, About Cunda (Ven. Sāriputta's Passing Away) Cunda Sutta
SN47_16.txt, To Uttijya Uttiya Sutta
SN47_19.txt, At Sedaka (The Acrobat) Sedaka Sutta (1)
SN47_20.txt, At Sedaka (The Beauty Queen) Sedaka Sutta (2)
SN47_25.txt, To A Brahman Brāhmaṇa Sutta
SN47_33.txt, Neglected Viraddha Sutta
SN47_35.txt, Mindful   Sata Sutta
SN47_37.txt, Desire Chanda Sutta
SN47_38.txt, Comprehension Pariññā Sutta
SN47_4.txt, At Sālā Sālā Sutta
SN47_40.txt, An Analysis Of The Establishings Of Mindfulness Satipaṭṭhāna-Vibhaṅga Sutta
SN47_41.txt, Deathless Amata Sutta
SN47_42.txt, Origination Samudaya Sutta
SN47_6.txt, The Hawk Sakuṇagghi Sutta
SN47_7.txt, The Monkey Makkaṭa Sutta
SN47_8.txt, The Cook Sūda Sutta
SN48_10.txt, An Analysis Of The Faculties Indriya-Vibhaṅga Sutta
SN48_21.txt, No Becoming Na Bhava Sutta
SN48_3.txt, The Stream Sota Sutta
SN48_38.txt, An Analysis (Of The Feeling Faculties) (3) Vibhaṅga Sutta
SN48_39.txt, An Analysis (Of The Feeling Faculties) (4) Vibhaṅga Sutta
SN48_4.txt, The Arahant Arahant Sutta
SN48_41.txt, Old Age Jarā Sutta
SN48_44.txt, Eastern Gatehouse Pubbakoṭṭhaka Sutta
SN48_46.txt, The Eastern Monastery Pubbārāma Sutta
SN48_50.txt, Conviction Saddhā Sutta
SN48_52.txt, Mallans Malla Sutta
SN48_53.txt, The Learner Sekha Sutta
SN48_56.txt, Established Patiṭṭhita Sutta
SN48_8.txt, To Be Seen Daṭṭhabbaṁ Sutta
SN4_13.txt, The Stone Sliver Sakalika Sutta
SN4_18.txt, Alms Piṇḍa Sutta
SN4_19.txt, The Farmer Kassaka Sutta
SN4_20.txt, Rulership Rajja Sutta
SN4_21.txt, A Large Number Sambahula Sutta
SN4_8.txt, Delight Nandana Sutta
SN51_13.txt, Desire Chanda Sutta
SN51_14.txt, Moggallāna Moggallāna Sutta
SN51_15.txt, To Uṇṇābha The Brahman Brahmaṇa Sutta
SN51_20.txt, An Analysis Of The Bases Of Power Iddhipāda-Vibhaṅga Sutta
SN51_22.txt, The Iron Ball Ayoguḷa Sutta
SN52_10.txt, Illness Gilāyana Sutta
SN52_9.txt, Ambapālī Ambapālī Sutta
SN54_11.txt, At Icchānaṅgala Icchānaṅgala Sutta
SN54_12.txt, With Sakaṁbhiya Sakaṁbhiya Sutta
SN54_13.txt, To Ānanda (On Mindfulness Of Breathing) Ānanda Sutta
SN54_6.txt, To Ariṭṭha (On Mindfulness Of Breathing) Ariṭṭha Sutta
SN54_8.txt, The Lamp Dīpa Sutta
SN54_9.txt, At Vesālī Vesālī Sutta
SN55_1.txt, The Emperor Rāja Sutta
SN55_21.txt, To Mahānāma (1) Mahānāma Sutta
SN55_22.txt, To Mahānāma (2) Mahānāma Sutta
SN55_23.txt, With Godha Godha Sutta
SN55_25.txt, About Sarakāni Sarakāni Sutta
SN55_26.txt, To Anāthapiṇḍika (1) Anāthapiṇḍika Sutta
SN55_27.txt, To Anāthapiṇḍika (2) Anāthapiṇḍika Sutta
SN55_30.txt, To The Licchavi Licchavi Sutta
SN55_31.txt, Bonanzas (1) Abhisanda Sutta
SN55_32.txt, Bonanzas (2) Abhisanda Sutta
SN55_33.txt, Bonanzas (3) Abhisanda Sutta
SN55_40.txt, To Nandiya Nandiya Sutta
SN55_5.txt, To Sāriputta Sāriputta Sutta
SN55_54.txt, Ill Gilāna Sutta
SN55_7.txt, The People Of Bamboo Gate Veḷudvāreyya Sutta
SN56_1.txt, Concentration Samādhi Sutta
SN56_102.txt, Dust Paṁsu Suttas
SN56_11.txt, Setting The Wheel Of Dhamma In Motion Dhammacakkappavattana Sutta
SN56_2.txt, Seclusion Paṭisallāna Sutta
SN56_20.txt, Real Tatha Sutta
SN56_26.txt, Friends Mittā Sutta
SN56_27.txt, Real Tatha Sutta
SN56_28.txt, The Cosmos Loka Sutta
SN56_30.txt, Gavampati Gavampati Sutta
SN56_31.txt, Siṁsapā Leaves Siṁsapā Sutta
SN56_32.txt, Acacia Khadira Sutta
SN56_35.txt, One Hundred Spears Sattisata Sutta
SN56_36.txt, Animals Pāṇa Sutta
SN56_42.txt, The Drop-Off Papāta Sutta
SN56_44.txt, Gabled Kūṭa Sutta
SN56_45.txt, The Horsehair Vāla Sutta
SN56_46.txt, Darkness Andhakāra Sutta
SN56_48.txt, The Hole Chiggaḷa Sutta
SN5_1.txt, Sister Āḷavikā Āḷavikā Sutta
SN5_10.txt, Sister Vajirā Vajirā Sutta
SN5_2.txt, Sister Somā Somā Sutta
SN5_3.txt, Sister Gotamī Gotamī Sutta
SN5_4.txt, Sister Vijayā Vijayā Sutta
SN5_5.txt, Sister Uppalavaṇṇā Uppalavaṇṇā Sutta
SN5_6.txt, Sister Cālā Cālā Sutta
SN5_7.txt, Sister Upacālā Upacālā Sutta
SN5_8.txt, Sister Sīsupacālā Sīsupacālā Sutta
SN5_9.txt, Sister Selā Selā Sutta
SN6_1.txt, The Request Āyācana Sutta
SN6_15.txt, Total Unbinding Parinibbāna Sutta
SN6_2.txt, Reverence Gārava Sutta
SN7_12.txt, Udaya Udaya Sutta
SN7_14.txt, Very Rich Mahāsāla Sutta
SN7_16.txt, Contradiction Paccanika Sutta
SN7_17.txt, The Builder Navakammika Sutta
SN7_18.txt, Firewood-Gathering Kaṭṭhahāraka Sutta
SN7_2.txt, Insult Akkosa Sutta
SN7_6.txt, The Tangle Jaṭā Sutta
SN8_4.txt, Ānanda (Instructions To Vaṅgīsa) Ānanda Sutta
SN9_1.txt, Seclusion Viveka Sutta
SN9_11.txt, Inappropriate Attention Ayoniso-Manasikāra Sutta
SN9_14.txt, The Thief Of A Scent Padumapuppha Sutta
SN9_6.txt, Anuruddha Anuruddha Sutta
SN9_9.txt, The Vajjian Princeling Vajjīputta Sutta
